<?xml version="1.0" encoding="UTF-8"?>
<project-private xmlns="http://www.netbeans.org/ns/project-private/1">
    <editor-bookmarks xmlns="http://www.netbeans.org/ns/editor-bookmarks/2" lastBookmarkId="0"/>
    <open-files xmlns="http://www.netbeans.org/ns/projectui-open-files/2">
        <group>
            <file>file:/home/safratix/Bureau/JAVA/DonRestaurant/src/com/esprit/Service/ServiceRepasServi.java</file>
            <file>file:/home/safratix/Bureau/JAVA/DonRestaurant/src/com/esprit/test/Test.java</file>
            <file>file:/home/safratix/Bureau/JAVA/DonRestaurant/src/com/esprit/Service/ServiceDonRestaurant.java</file>
            <file>file:/home/safratix/Bureau/JAVA/DonRestaurant/src/com/esprit/Service/ServiceTarifResto.java</file>
            <file>file:/home/safratix/Bureau/JAVA/DonRestaurant/src/com/esprit/styles/dashbordadmin.css</file>
            <file>file:/home/safratix/Bureau/JAVA/DonRestaurant/src/com/esprit/javafxapplicationwui/JavaFXApplicationWUI.java</file>
            <file>file:/home/safratix/Bureau/JAVA/DonRestaurant/src/com/esprit/controllers/DashbordAdminRestoController.java</file>
            <file>file:/home/safratix/Bureau/JAVA/DonRestaurant/src/front/app/main/Launch.java</file>
            <file>file:/home/safratix/Bureau/JAVA/DonRestaurant/src/front/app/controllers/GestionRestauDonController.java</file>
        </group>
    </open-files>
</project-private>
