<?xml version="1.0" encoding="UTF-8"?>
<project-private xmlns="http://www.netbeans.org/ns/project-private/1">
    <editor-bookmarks xmlns="http://www.netbeans.org/ns/editor-bookmarks/2" lastBookmarkId="0"/>
    <open-files xmlns="http://www.netbeans.org/ns/projectui-open-files/2">
        <group>
            <file>file:/C:/Users/Ahmed%20Fourati/Desktop/front%20Office/src/app/controllers/HomeFXMLController.java</file>
            <file>file:/C:/Users/Ahmed%20Fourati/Desktop/front%20Office/src/app/views/HomeFXML.fxml</file>
            <file>file:/C:/Users/Ahmed%20Fourati/Desktop/front%20Office/src/app/main/Launch.java</file>
        </group>
    </open-files>
</project-private>
